Driver,Image Link
Michael Schumacher,https://github.com/Rohan-G/Data-Visualization-Project/blob/main/dataset/Images/MichaelS.jpg?raw=true
Kimi Räikkönen,https://github.com/Rohan-G/Data-Visualization-Project/blob/main/dataset/Images/Kimi.jpg?raw=true
Juan Pablo Montoya,https://github.com/Rohan-G/Data-Visualization-Project/blob/main/dataset/Images/juan-pablo-montoya.jpg?raw=true
Rubens Barrichello,https://github.com/Rohan-G/Data-Visualization-Project/blob/main/dataset/Images/rubens-barrichello.jpg?raw=true
Ralf Schumacher,https://github.com/Rohan-G/Data-Visualization-Project/blob/main/dataset/Images/RalfS.jpg?raw=true
Fernando Alonso,https://raw.githubusercontent.com/Rohan-G/Data-Visualization-Project/main/dataset/Images/Alonso.avif
David Coulthard,https://github.com/Rohan-G/Data-Visualization-Project/blob/main/dataset/Images/David-Coulthard.jpg?raw=true
Jarno Trulli,https://github.com/Rohan-G/Data-Visualization-Project/blob/main/dataset/Images/JTrulli.jpg?raw=true
Jenson Button,https://github.com/Rohan-G/Data-Visualization-Project/blob/main/dataset/Images/Jenson_Butto.jpg?raw=true
Mark Webber,https://github.com/Rohan-G/Data-Visualization-Project/blob/main/dataset/Images/webber.jpeg?raw=true
Heinz-Harald Frentzen,https://github.com/Rohan-G/Data-Visualization-Project/blob/main/dataset/Images/Heinz-Harald_Frentzen.jpg?raw=true
Giancarlo Fisichella,https://github.com/Rohan-G/Data-Visualization-Project/blob/main/dataset/Images/Giancarlo-Fisichella.jpg?raw=true
Cristiano da Matta,https://github.com/Rohan-G/Data-Visualization-Project/blob/main/dataset/Images/Damatta.jpg?raw=true
Nick Heidfeld,https://raw.githubusercontent.com/Rohan-G/Data-Visualization-Project/main/dataset/Images/Nick-Heidfeld.avif
Olivier Panis,https://github.com/Rohan-G/Data-Visualization-Project/blob/main/dataset/Images/OlivierPanis.jpeg?raw=true
Jacques Villeneuve,https://raw.githubusercontent.com/Rohan-G/Data-Visualization-Project/main/dataset/Images/Villeneuve.avif
Marc Gené,https://raw.githubusercontent.com/Rohan-G/Data-Visualization-Project/main/dataset/Images/marc-gene.webp
Takuma Sato,https://github.com/Rohan-G/Data-Visualization-Project/blob/main/dataset/Images/Takuma_Sato.png?raw=true
Ralph Firman,https://github.com/Rohan-G/Data-Visualization-Project/blob/main/dataset/Images/Ralph_Firman.jpg?raw=true
Justin Wilson,https://github.com/Rohan-G/Data-Visualization-Project/blob/main/dataset/Images/Justin_Wilson.jpg?raw=true
Antônio Pizzonia,https://github.com/Rohan-G/Data-Visualization-Project/blob/main/dataset/Images/Antonio_Pizzonia.jpg?raw=true
Jos Verstappen,https://github.com/Rohan-G/Data-Visualization-Project/blob/main/dataset/Images/Jos_Verstappen.jpg?raw=true
Nicolas Kiesa,https://github.com/Rohan-G/Data-Visualization-Project/blob/main/dataset/Images/Nicolas_Kiena.jpg?raw=true
Zsolt Baumgartner,https://github.com/Rohan-G/Data-Visualization-Project/blob/main/dataset/Images/Zsolt_Baumgartner.jpg?raw=true
Felipe Massa,https://github.com/Rohan-G/Data-Visualization-Project/blob/main/dataset/Images/Massa.jpg?raw=true
Christian Klien,https://github.com/Rohan-G/Data-Visualization-Project/blob/main/dataset/Images/Christian_Klien.jpg?raw=true
Timo Glock,https://github.com/Rohan-G/Data-Visualization-Project/blob/main/dataset/Images/Glock.jpg?raw=true
Ricardo Zonta,https://github.com/Rohan-G/Data-Visualization-Project/blob/main/dataset/Images/Ricardo_Zonta.jpeg?raw=true
Giorgio Pantano,https://github.com/Rohan-G/Data-Visualization-Project/blob/main/dataset/Images/GIorgio_Pantano.jpeg?raw=true
Gianmaria Bruni,https://github.com/Rohan-G/Data-Visualization-Project/blob/main/dataset/Images/Gianmaria_Bruni.jpg?raw=true
Tiago Monteiro,https://github.com/Rohan-G/Data-Visualization-Project/blob/main/dataset/Images/Tiago_Monteiro.jpg?raw=true
Alexander Wurz,https://github.com/Rohan-G/Data-Visualization-Project/blob/main/dataset/Images/Alexander_Wurz.jpg?raw=true
Narain Karthikeyan,https://github.com/Rohan-G/Data-Visualization-Project/blob/main/dataset/Images/Narain_Karthikeyan.jpg?raw=true
Christijan Albers,https://github.com/Rohan-G/Data-Visualization-Project/blob/main/dataset/Images/Christijan_Albers.jpg?raw=true
Pedro de la Rosa,https://github.com/Rohan-G/Data-Visualization-Project/blob/main/dataset/Images/Pedro-de-la-Rosa.jpg?raw=true
Patrick Friesacher,https://github.com/Rohan-G/Data-Visualization-Project/blob/main/dataset/Images/Patrick_Friesacher.jpeg?raw=true
Vitantonio Liuzzi,https://github.com/Rohan-G/Data-Visualization-Project/blob/main/dataset/Images/Vitantonio_Liuzzi_2011_Malaysia.jpg?raw=true
Robert Doornbos,https://github.com/Rohan-G/Data-Visualization-Project/blob/main/dataset/Images/Robert_Doornbos.jpg?raw=true
Anthony Davidson,https://github.com/Rohan-G/Data-Visualization-Project/blob/main/dataset/Images/Anthony_Davidson_2007.jpg?raw=true
Robert Kubica,https://github.com/Rohan-G/Data-Visualization-Project/blob/main/dataset/Images/Robert_Kubica.jpg?raw=true
Nico Rosberg,https://raw.githubusercontent.com/Rohan-G/Data-Visualization-Project/main/dataset/Images/Nico_Rosberg.webp
Scott Speed,https://github.com/Rohan-G/Data-Visualization-Project/blob/main/dataset/Images/scott-speed.jpg?raw=true
Yuji Ide,https://github.com/Rohan-G/Data-Visualization-Project/blob/main/dataset/Images/Yuji_Ide.jpg?raw=true
Sakon Yamamoto,https://github.com/Rohan-G/Data-Visualization-Project/blob/main/dataset/Images/Sakon_Yamamoto.jpg?raw=true
Franck Montagny,https://github.com/Rohan-G/Data-Visualization-Project/blob/main/dataset/Images/Franck_Montagny.jpg?raw=true
Lewis Hamilton,https://raw.githubusercontent.com/Rohan-G/Data-Visualization-Project/main/dataset/Images/LewisH.avif
Heikki Kovalainen,https://github.com/Rohan-G/Data-Visualization-Project/blob/main/dataset/Images/Heikki_Kovalainen.jpg?raw=true
Sebastian Vettel,https://github.com/Rohan-G/Data-Visualization-Project/blob/main/dataset/Images/Sebastian_Vettel.jpg?raw=true
Adrian Sutil,https://github.com/Rohan-G/Data-Visualization-Project/blob/main/dataset/Images/Adrian_Sutil.jpg?raw=true
Kazuki Nakajima,https://github.com/Rohan-G/Data-Visualization-Project/blob/main/dataset/Images/Kazuki-Nakajima.jpeg?raw=true
Nelson Piquet Jr.,https://github.com/Rohan-G/Data-Visualization-Project/blob/main/dataset/Images/Nelson_Piquet.jpg?raw=true
Sébastien Bourdais,https://github.com/Rohan-G/Data-Visualization-Project/blob/main/dataset/Images/SebastianBourdais.jpg?raw=true
Sébastien Buemi,https://github.com/Rohan-G/Data-Visualization-Project/blob/main/dataset/Images/Sebastian_Buemi.png?raw=true
Kamui Kobayashi,https://github.com/Rohan-G/Data-Visualization-Project/blob/main/dataset/Images/Kamui_Kobayashi.png?raw=true
Romain Grosjean,https://raw.githubusercontent.com/Rohan-G/Data-Visualization-Project/main/dataset/Images/Romain_Grosjean.webp
Jaime Alguersuari,https://raw.githubusercontent.com/Rohan-G/Data-Visualization-Project/main/dataset/Images/Jaime_Alguersuari.webp
Luca Badoer,https://github.com/Rohan-G/Data-Visualization-Project/blob/main/dataset/Images/Luca_Badoer.jpg?raw=true
Vitaly Petrov,https://github.com/Rohan-G/Data-Visualization-Project/blob/main/dataset/Images/Vitaly_petrov.jpeg?raw=true
Nico Hülkenberg,https://github.com/Rohan-G/Data-Visualization-Project/blob/main/dataset/Images/Nico_Hulkenberg.jpeg?raw=true
Karun Chandhok,https://github.com/Rohan-G/Data-Visualization-Project/blob/main/dataset/Images/Karun_Chandhok.jpg?raw=true
Bruno Senna,https://github.com/Rohan-G/Data-Visualization-Project/blob/main/dataset/Images/Bruno_Senna.png?raw=true
Lucas di Grassi,https://github.com/Rohan-G/Data-Visualization-Project/blob/main/dataset/Images/Lucas_di_Grassi.jpg?raw=true
Paul di Resta,https://github.com/Rohan-G/Data-Visualization-Project/blob/main/dataset/Images/Paul_di_Resta.jpeg?raw=true
Sergio Pérez,https://raw.githubusercontent.com/Rohan-G/Data-Visualization-Project/main/dataset/Images/Checo.avif
Pastor Maldonado,https://github.com/Rohan-G/Data-Visualization-Project/blob/main/dataset/Images/Pastor_Maldonado.jpg?raw=true
Jérôme d'Ambrosio,https://github.com/Rohan-G/Data-Visualization-Project/blob/main/dataset/Images/Jerome_DAmbrosio.jpeg?raw=true
Daniel Ricciardo,https://github.com/Rohan-G/Data-Visualization-Project/blob/main/dataset/Images/Daniel_Ricciardo.jpg?raw=true
Jean-Éric Vergne,https://github.com/Rohan-G/Data-Visualization-Project/blob/main/dataset/Images/JeanEricVergne.jpg_large?raw=true
Charles Pic,https://raw.githubusercontent.com/Rohan-G/Data-Visualization-Project/main/dataset/Images/Charles_Pic.webp
Esteban Gutiérrez,https://github.com/Rohan-G/Data-Visualization-Project/blob/main/dataset/Images/Esteban_Gutierez.jpeg?raw=true
Valtteri Bottas,https://raw.githubusercontent.com/Rohan-G/Data-Visualization-Project/main/dataset/Images/Valtteri_Bottas.avif
Jules Bianchi,https://raw.githubusercontent.com/Rohan-G/Data-Visualization-Project/main/dataset/Images/Jules-Bianchi.avif
Giedo van der Garde,https://github.com/Rohan-G/Data-Visualization-Project/blob/main/dataset/Images/Giedo_Van_Der_Garde.jpg?raw=true
Max Chilton,https://github.com/Rohan-G/Data-Visualization-Project/blob/main/dataset/Images/Max_Chilton.jpeg?raw=true
Kevin Magnussen,https://raw.githubusercontent.com/Rohan-G/Data-Visualization-Project/main/dataset/Images/Kevin_Magnussen.avif
Daniil Kvyat,https://github.com/Rohan-G/Data-Visualization-Project/blob/main/dataset/Images/Daniil_Kvyat.jpg?raw=true
Marcus Ericsson,https://github.com/Rohan-G/Data-Visualization-Project/blob/main/dataset/Images/Marcus_Ericsson.jpeg?raw=true
Will Stevens,https://github.com/Rohan-G/Data-Visualization-Project/blob/main/dataset/Images/Will_Stevens_2017.jpg?raw=true
André Lotterer,https://github.com/Rohan-G/Data-Visualization-Project/blob/main/dataset/Images/Andre_Lotterer.jpeg?raw=true
Max Verstappen,https://github.com/Rohan-G/Data-Visualization-Project/blob/main/dataset/Images/Max_Verstappen.jpeg?raw=true
Felipe Nasr,https://raw.githubusercontent.com/Rohan-G/Data-Visualization-Project/main/dataset/Images/Felipe_Nasr.webp
Carlos Sainz,https://raw.githubusercontent.com/Rohan-G/Data-Visualization-Project/main/dataset/Images/Carlos_Sainz.avif
Roberto Merhi,https://github.com/Rohan-G/Data-Visualization-Project/blob/main/dataset/Images/Roberto_Merhi.jpg?raw=true
Alexander Rossi,https://github.com/Rohan-G/Data-Visualization-Project/blob/main/dataset/Images/Alexander_Rossi.jpeg?raw=true
Jolyon Palmer,https://github.com/Rohan-G/Data-Visualization-Project/blob/main/dataset/Images/Jolyon_Palmer.jpg?raw=true
Pascal Wehrlein,https://github.com/Rohan-G/Data-Visualization-Project/blob/main/dataset/Images/Patrick_Wehrlein.jpg?raw=true
Stoffel Vandoorne,https://github.com/Rohan-G/Data-Visualization-Project/blob/main/dataset/Images/Patrick_Wehrlein.jpg?raw=true
Esteban Ocon,https://github.com/Rohan-G/Data-Visualization-Project/blob/main/dataset/Images/Esteban_Ocon.jpeg?raw=true
Rio Haryanto,https://github.com/Rohan-G/Data-Visualization-Project/blob/main/dataset/Images/Rio_Haryanto.jpg?raw=true
Lance Stroll,https://github.com/Rohan-G/Data-Visualization-Project/blob/main/dataset/Images/Lance_Stroll.jpeg?raw=true
Pierre Gasly,https://raw.githubusercontent.com/Rohan-G/Data-Visualization-Project/main/dataset/Images/Pierre_Gasly.avif
Antonio Giovinazzi,https://github.com/Rohan-G/Data-Visualization-Project/blob/main/dataset/Images/Antonio_Giovinazzi.jpg?raw=true
Brendon Hartley,https://github.com/Rohan-G/Data-Visualization-Project/blob/main/dataset/Images/Brendon_Hartley.png?raw=true
Charles Leclerc,https://raw.githubusercontent.com/Rohan-G/Data-Visualization-Project/main/dataset/Images/Charles_Leclerc.avif
Sergey Sirotkin,https://github.com/Rohan-G/Data-Visualization-Project/blob/main/dataset/Images/Sergei_Sirotkin.jpg?raw=true
Alexander Albon,https://raw.githubusercontent.com/Rohan-G/Data-Visualization-Project/main/dataset/Images/Alexander_Albon.avif
Lando Norris,https://raw.githubusercontent.com/Rohan-G/Data-Visualization-Project/main/dataset/Images/Lando_Norris.avif
George Russell,https://raw.githubusercontent.com/Rohan-G/Data-Visualization-Project/main/dataset/Images/George_Russel.avif
Nicholas Latifi,https://github.com/Rohan-G/Data-Visualization-Project/blob/main/dataset/Images/Goatifi.jpeg?raw=true
Jack Aitken,https://github.com/Rohan-G/Data-Visualization-Project/blob/main/dataset/Images/Jack-Aitken.jpg?raw=true
Pietro Fittipaldi,https://github.com/Rohan-G/Data-Visualization-Project/blob/main/dataset/Images/Pietro_Fittipaldi.jpeg?raw=true
Yuki Tsunoda,https://raw.githubusercontent.com/Rohan-G/Data-Visualization-Project/main/dataset/Images/Yuki_Tsunoda.avif
Mick Schumacher,https://github.com/Rohan-G/Data-Visualization-Project/blob/main/dataset/Images/Mick_Schumacher.png?raw=true
Nikita Mazepin,https://github.com/Rohan-G/Data-Visualization-Project/blob/main/dataset/Images/Nikita_Mazaepin.png?raw=true
Guanyu Zhou,https://raw.githubusercontent.com/Rohan-G/Data-Visualization-Project/main/dataset/Images/guanyu_zhour.avif
Nyck de Vries,https://raw.githubusercontent.com/Rohan-G/Data-Visualization-Project/main/dataset/Images/Nyck_De_Vries.avif
Oscar Piastri,https://raw.githubusercontent.com/Rohan-G/Data-Visualization-Project/main/dataset/Images/Oscar_Piastri.avif
Logan Sargeant,https://raw.githubusercontent.com/Rohan-G/Data-Visualization-Project/main/dataset/Images/Logan_Sargeant.avif